match_type,source,root_time,test_time,time_diff_s,root_latitude,test_latitude,root_longitude,test_longitude,loc_diff_km,root_depth,test_depth,depth_diff_km,root_magnitude,test_magnitude,mag_diff,root_numPhases,test_numPhases,root_author,test_author,root_eval,test_eval,root_evid,test_evid
matched,onsite,2026-09-28 00:02:21.00,2026-09-28 00:02:23.45,2.459,51.3820915222168,51.5332,-177.51976013183594,-177.551,16.941330881237295,19.65547752380371,28.498,8.84252247619629,3.0873936522256913,3.0,0.08739365222569129,70,70.0,scolv:odsimonds,unknown,man_confirm,manual,aka2026terzmg,us6000ty8e
matched,onsite,2026-09-28 00:05:59.00,2026-09-28 00:05:59.59,0.593,62.48532485961914,62.485,-151.28445434570312,-151.284,0.04300684012832685,7.219188213348389,7.2,0.019188213348388494,1.788977289636566,1.8,0.01102271036343394,40,40.0,scolv:odsimonds,unknown,man_confirm,manual,aka2026tescqz,aka2026tescqz
matched,onsite,2026-09-28 01:01:45.00,2026-09-28 01:01:45.19,0.196,58.21255111694336,58.213,-155.3383331298828,-155.338,0.05359200803697812,5.0,5.0,0.0,1.055702638234324,1.1,0.04429736176567611,6,6.0,scolv:odsimonds,unknown,man_confirm,manual,aka2026tetyzu,aka2026tetyzu
matched,onsite,2026-09-28 01:03:39.00,2026-09-28 01:03:39.34,0.347,59.8187370300293,59.819,-153.3108367919922,-153.311,0.030631221069506286,138.2799072265625,138.3,0.02009277343751137,3.0852700459411593,3.1,0.01472995405884081,231,231.0,scolv:odsimonds,unknown,man_confirm,manual,aka2026teuaqx,aka2026teuaqx
matched,onsite,2026-09-28 01:07:21.00,2026-09-28 01:07:21.69,0.696,61.61384201049805,61.614,-150.83456420898438,-150.835,0.028971362608148928,65.55915069580078,65.6,0.040849304199213066,2.0011785333955894,2.0,0.0011785333955893762,77,77.0,scolv:odsimonds,unknown,man_confirm,manual,aka2026teucga,aka2026teucga
matched,onsite,2026-09-28 01:12:20.00,2026-09-28 01:12:20.17,0.178,59.54524612426758,59.545,-152.3800048828125,-152.38,0.027369153462084808,68.08148956298828,68.1,0.018510437011713066,2.3153286470613375,2.3,0.01532864706133763,121,121.0,scolv:odsimonds,unknown,man_confirm,manual,aka2026teuien,aka2026teuien
matched,onsite,2026-09-28 01:50:44.00,2026-09-28 01:50:44.89,0.899,60.68540954589844,60.685,-151.6387176513672,-151.639,0.04806376138785479,80.61775970458984,80.6,0.017759704589849434,1.7394856240507788,1.7,0.03948562405077882,32,32.0,scolv:odsimonds,unknown,man_confirm,manual,aka2026tevpnh,aka2026tevpnh
matched,onsite,2026-09-28 02:09:42.00,2026-09-28 02:09:42.75,0.753,58.2302474975586,58.23,-155.11158752441406,-155.112,0.0366131556050943,5.0,5.0,0.0,0.6341185524503835,0.6,0.03411855245038353,11,11.0,scolv:odsimonds,unknown,man_confirm,manual,aka2026tewfxq,aka2026tewfxq
matched,onsite,2026-09-28 02:32:10.00,2026-09-28 02:32:10.26,0.266,61.69723510742188,61.697,-146.62208557128906,-146.622,0.026529160839508206,1.4198424816131592,1.4,0.01984248161315927,2.2213767054525277,2.2,0.021376705452527567,69,69.0,scolv:odsimonds,unknown,man_confirm,manual,aka2026tewzkg,aka2026tewzkg
matched,onsite,2026-09-28 02:39:52.00,2026-09-28 02:39:52.92,0.922,60.12358856201172,60.124,-152.49395751953125,-152.494,0.04581028465173614,94.96504211425781,95.0,0.0349578857421875,2.049470286322064,2.0,0.04947028632206418,94,94.0,scolv:odsimonds,unknown,man_confirm,manual,aka2026texejf,aka2026texejf
matched,onsite,2026-09-28 02:41:56.00,2026-09-28 02:41:56.84,0.845,60.98420333862305,60.984,-149.6260986328125,-149.626,0.023227621963086628,35.985931396484375,36.0,0.014068603515625,1.8869080868097148,1.9,0.013091913190285132,40,40.0,scolv:odsimonds,unknown,man_confirm,manual,aka2026texhvs,aka2026texhvs
matched,onsite,2026-09-28 02:43:04.00,2026-09-28 02:43:04.94,0.947,60.0692367553711,60.069,-152.1080322265625,-152.108,0.02638664262387215,78.13976287841797,78.1,0.039762878417974434,1.4417339161513512,1.4,0.04173391615135125,15,15.0,scolv:odsimonds,unknown,man_confirm,manual,aka2026texivg,aka2026texivg
matched,onsite,2026-09-28 03:05:59.00,2026-09-28 03:05:59.86,0.86,59.76826477050781,59.768,-152.19342041015625,-152.193,0.037693353192473,67.13304901123047,67.1,0.033049011230474434,2.0435626361508237,2.0,0.043562636150823675,66,66.0,scolv:odsimonds,unknown,man_confirm,manual,aka2026teycsf,aka2026teycsf
matched,onsite,2026-09-28 03:18:36.00,2026-09-28 03:18:36.30,0.309,62.19453048706055,62.195,-150.15936279296875,-150.159,0.05549524461070983,12.88561725616455,12.9,0.014382743835449574,1.8499330191627696,1.8,0.0499330191627696,31,31.0,scolv:odsimonds,unknown,man_confirm,manual,aka2026teynqk,aka2026teynqk
matched,onsite,2026-09-28 03:21:25.00,2026-09-28 03:21:25.77,0.779,60.48563766479492,60.486,-152.244384765625,-152.244,0.045469916606977905,89.730712890625,89.7,0.030712890624997158,1.8509844117137793,1.9,0.04901558828622066,51,51.0,scolv:odsimonds,unknown,man_confirm,manual,aka2026teynpj,aka2026teynpj
matched,onsite,2026-09-28 03:23:31.00,2026-09-28 03:23:31.96,0.965,61.69914627075195,61.699,-150.1318817138672,-150.132,0.017418986313682487,29.846351623535156,29.8,0.04635162353515554,2.0655202309122576,2.1,0.03447976908774253,80,80.0,scolv:odsimonds,unknown,man_confirm,manual,aka2026teyrxj,aka2026teyrxj
matched,onsite,2026-09-28 03:25:37.00,2026-09-28 03:25:37.34,0.343,59.94784164428711,59.948,-153.43051147460938,-153.431,0.032405025226577615,135.29806518554688,135.3,0.0019348144531363687,2.1205967638532544,2.1,0.020596763853254263,22,22.0,scolv:odsimonds,unknown,man_confirm,manual,aka2026teytso,aka2026teytso
matched,onsite,2026-09-28 03:35:57.00,2026-09-28 03:35:57.61,0.619,61.10123062133789,61.101,-147.52685546875,-147.527,0.02679423912509567,26.95206069946289,27.0,0.047939300537109375,1.4013361583885886,1.4,0.001336158388588693,9,9.0,scolv:odsimonds,unknown,man_confirm,manual,aka2026tezcrz,aka2026tezcrz
matched,onsite,2026-09-28 03:42:01.00,2026-09-28 03:42:01.22,0.22,61.48212814331055,61.482,-146.2252655029297,-146.225,0.020042504415274047,27.61001777648926,27.6,0.010017776489259944,1.6522044201365191,1.7,0.04779557986348082,28,28.0,scolv:odsimonds,unknown,man_confirm,manual,aka2026tezhym,aka2026tezhym
matched,onsite,2026-09-28 03:48:02.00,2026-09-28 03:48:02.86,0.866,60.55939102172852,60.559,-152.1432342529297,-152.143,0.045325462542438806,91.24337005615234,91.2,0.04337005615234091,2.7943732567966286,2.8,0.005626743203371198,171,171.0,scolv:odsimonds,unknown,man_confirm,manual,aka2026tezneu,aka2026tezneu
matched,onsite,2026-09-28 04:02:49.00,2026-09-28 04:02:49.71,0.71,63.260498046875,63.26,-145.29107666015625,-145.291,0.05551293688633446,7.152657985687256,7.2,0.04734201431274432,1.3452185492434257,1.3,0.04521854924342561,14,14.0,scolv:odsimonds,unknown,man_confirm,manual,aka2026tezzsl,aka2026tezzsl
matched,onsite,2026-09-28 04:12:11.00,2026-09-28 04:12:11.37,0.373,59.82650375366211,59.827,-153.27960205078125,-153.28,0.05949362348684506,119.60140228271484,119.6,0.0014022827148494343,1.7899727641672198,1.8,0.010027235832780201,55,55.0,scolv:odsimonds,unknown,man_confirm,manual,aka2026tfaibl,aka2026tfaibl
matched,onsite,2026-09-28 05:12:53.00,2026-09-28 05:12:53.68,0.689,51.63861846923828,51.639,-179.83251953125,-179.833,0.05384420685975125,85.10652923583984,85.1,0.006529235839849434,2.391135547136235,2.4,0.008864452863764694,27,27.0,scolv:odsimonds,unknown,man_confirm,manual,aka2026tfcisz,aka2026tfcisz
matched,onsite,2026-09-28 05:28:10.00,2026-09-28 05:28:10.56,0.569,62.3998031616211,62.4,-150.9444122314453,-150.944,0.03049680383633965,71.96179962158203,72.0,0.03820037841796875,2.2918279649588476,2.3,0.00817203504115227,118,118.0,scolv:odsimonds,unknown,man_confirm,manual,aka2026tfcwab,aka2026tfcwab
matched,onsite,2026-09-28 05:29:22.00,2026-09-28 05:29:22.72,0.726,59.89682388305664,59.897,-148.73133850097656,-148.731,0.027201113534400457,18.64806365966797,18.6,0.04806365966796733,2.0979892343992335,2.1,0.0020107656007666286,36,36.0,scolv:odsimonds,unknown,man_confirm,manual,aka2026tfcxaf,aka2026tfcxaf
matched,onsite,2026-09-28 05:38:53.00,2026-09-28 05:38:53.40,0.403,58.44973373413086,58.45,-155.68820190429688,-155.688,0.03185272594356752,151.78036499023438,151.8,0.01963500976563637,2.768349447764882,2.8,0.031650552235118035,102,102.0,scolv:odsimonds,unknown,man_confirm,manual,aka2026tfdfhc,aka2026tfdfhc
matched,onsite,2026-09-28 05:44:11.00,2026-09-28 05:44:11.27,0.271,60.93458557128906,60.935,-150.6900177001953,-150.69,0.04609228842868535,3.0423362255096436,3.0,0.042336225509643555,1.819948405246522,1.8,0.019948405246521972,55,55.0,scolv:odsimonds,unknown,man_confirm,manual,aka2026tfdjwz,aka2026tfdjwz
matched,onsite,2026-09-28 05:57:06.00,2026-09-28 05:57:06.59,0.596,53.46421051025391,53.464,-164.9663848876953,-164.966,0.034598752224858594,20.0,20.0,0.0,2.5783488340714906,2.6,0.021651165928509464,23,23.0,scolv:odsimonds,unknown,man_confirm,manual,aka2026tfduzs,aka2026tfduzs
matched,onsite,2026-09-28 06:11:58.00,2026-09-28 06:11:58.34,0.341,61.85396575927734,61.854,-148.14785766601562,-148.148,0.008380624246519164,18.846363067626953,18.8,0.046363067626952414,1.0372412936053255,1.0,0.037241293605325465,13,13.0,scolv:odsimonds,unknown,man_confirm,manual,aka2026tfehzd,aka2026tfehzd
matched,onsite,2026-09-28 06:19:11.00,2026-09-28 06:19:11.04,0.041,61.61315155029297,61.613,-148.11595153808594,-148.116,0.01704525367726836,5.204103469848633,5.2,0.004103469848632635,2.184237188382045,2.2,0.01576281161795512,68,68.0,scolv:odsimonds,unknown,man_confirm,manual,aka2026tfeofm,aka2026tfeofm
matched,onsite,2026-09-28 06:45:47.00,2026-09-28 06:45:47.84,0.842,58.18986892700195,58.19,-136.82955932617188,-136.83,0.029656916570218995,9.96786117553711,10.0,0.032138824462890625,2.3825697767572875,2.4,0.017430223242712373,22,22.0,scolv:odsimonds,unknown,man_confirm,manual,aka2026tfflhs,aka2026tfflhs
matched,onsite,2026-09-28 06:51:58.00,2026-09-28 06:51:58.29,0.295,60.8396110534668,60.84,-150.98745727539062,-150.987,0.049842521266312,12.65460968017578,12.7,0.045390319824219816,2.0784008501754347,2.1,0.021599149824565345,84,84.0,scolv:odsimonds,unknown,man_confirm,manual,aka2026tffqqt,aka2026tffqqt
matched,onsite,2026-09-28 07:00:37.00,2026-09-28 07:00:37.90,0.9,60.08226776123047,60.082,-148.08041381835938,-148.08,0.03759228441576484,22.084293365478516,22.1,0.015706634521485796,1.9582905019345218,2.0,0.04170949806547819,38,38.0,scolv:odsimonds,unknown,man_confirm,manual,aka2026tffyee,aka2026tffyee
matched,onsite,2026-09-28 07:16:27.00,2026-09-28 07:16:27.91,0.915,53.90651321411133,53.907,-164.56106567382812,-164.561,0.054298806859830524,24.301944732666016,24.3,0.0019447326660149145,2.588039518807679,2.6,0.011960481192321293,46,46.0,scolv:odsimonds,unknown,man_confirm,manual,aka2026tfglxg,aka2026tfglxg
matched,onsite,2026-09-28 07:26:02.00,2026-09-28 07:26:02.90,0.9,62.27526092529297,62.275,-149.86830139160156,-149.868,0.03293742004255973,8.87337875366211,8.9,0.02662124633789098,1.8055342148307798,1.8,0.00553421483077976,54,54.0,scolv:odsimonds,unknown,man_confirm,manual,aka2026tfguez,aka2026tfguez
matched,onsite,2026-09-28 07:35:00.00,2026-09-28 07:35:00.51,0.515,51.8264274597168,51.826,178.92579650878906,178.926,0.04954595295152286,185.76565551757812,185.8,0.03434448242188637,2.0454712709448213,2.0,0.045471270944821285,14,14.0,scolv:odsimonds,unknown,man_confirm,manual,aka2026tfhbvc,aka2026tfhbvc
matched,onsite,2026-09-28 07:47:17.00,2026-09-28 07:47:17.93,0.931,51.05289459228516,51.053,-179.21844482421875,-179.218,0.033227876443466954,19.751419067382812,19.8,0.04858093261718821,2.6891470687907897,2.7,0.010852931209210492,44,44.0,scolv:odsimonds,unknown,man_confirm,manual,aka2026tfhmir,aka2026tfhmir
matched,onsite,2026-09-28 08:02:29.00,2026-09-28 08:02:29.00,0.002,61.51764297485352,61.518,-151.1986846923828,-151.199,0.04307662861025345,16.821208953857422,16.8,0.021208953857421164,1.3415528915636252,1.3,0.04155289156362518,24,24.0,scolv:odsimonds,unknown,man_confirm,manual,aka2026tfhzve,aka2026tfhzve
matched,onsite,2026-09-28 08:13:11.00,2026-09-28 08:13:11.87,0.876,50.82392883300781,50.824,-173.95562744140625,-173.956,0.027339717078976727,20.0,20.0,0.0,2.739438305865912,2.7,0.039438305865911794,18,18.0,scolv:odsimonds,unknown,man_confirm,manual,aka2026tfijdt,aka2026tfijdt
matched,onsite,2026-09-28 08:58:27.00,2026-09-28 08:58:27.47,0.471,61.58056259155273,61.581,-146.47146606445312,-146.471,0.05453376044231071,22.84413146972656,22.8,0.04413146972655824,1.9393851403518314,1.9,0.039385140351831494,62,62.0,scolv:odsimonds,unknown,man_confirm,manual,aka2026tfjwig,aka2026tfjwig
matched,onsite,2026-09-28 09:05:37.00,2026-09-28 09:05:37.84,0.843,59.77920532226562,59.779,-153.07098388671875,-153.071,0.02284859885840108,106.81439971923828,106.8,0.014399719238284092,1.6594735187118135,1.7,0.04052648128818648,43,43.0,scolv:odsimonds,unknown,man_confirm,manual,aka2026tfkcns,aka2026tfkcns
matched,onsite,2026-09-28 09:10:12.00,2026-09-28 09:10:12.35,0.352,53.07952499389648,53.08,-166.81553649902344,-166.816,0.061223080643282704,22.760663986206055,22.8,0.03933601379394602,2.359802897126438,2.4,0.04019710287356171,22,22.0,scolv:odsimonds,unknown,man_confirm,manual,aka2026tfkgnq,aka2026tfkgnq
matched,onsite,2026-09-28 09:19:47.00,2026-09-28 09:19:47.25,0.259,62.43529891967773,62.435,-149.01007080078125,-149.01,0.03343740761287783,15.253890991210938,15.3,0.04610900878906321,1.566224598768887,1.6,0.03377540123111311,18,18.0,scolv:afozkos,unknown,man_confirm,manual,aka2026tfkovw,aka2026tfkovw
matched,onsite,2026-09-28 09:29:27.00,2026-09-28 09:29:27.21,0.218,61.3538932800293,61.354,-150.6844024658203,-150.684,0.024517260794697137,52.91950988769531,52.9,0.01950988769531392,2.4715922541692743,2.5,0.028407745830725695,126,126.0,scolv:odsimonds,unknown,man_confirm,manual,aka2026tfkxeo,aka2026tfkxeo
matched,onsite,2026-09-28 09:59:46.00,2026-09-28 09:59:46.55,0.554,51.91518783569336,51.915,-177.03341674804688,-177.033,0.03540177659726445,5.0,5.0,0.0,1.8249918554010414,1.8,0.02499185540104132,21,21.0,scolv:odsimonds,unknown,man_confirm,manual,aka2026tflxmo,aka2026tflxmo
matched,onsite,2026-09-28 10:03:19.00,2026-09-28 10:03:19.99,0.995,51.16990661621094,51.17,-177.66351318359375,-177.664,0.03549399692426149,20.793649673461914,20.8,0.006350326538086648,2.6139836626513744,2.6,0.013983662651374296,44,44.0,scolv:odsimonds,unknown,man_confirm,manual,aka2026tfmapb,aka2026tfmapb
matched,onsite,2026-09-28 10:18:57.00,2026-09-28 10:18:57.80,0.801,60.02608871459961,60.026,-151.4868927001953,-151.487,0.011525750313581672,59.40457916259766,59.4,0.0045791625976647765,1.6844365673629667,1.7,0.015563432637033303,46,46.0,scolv:odsimonds,unknown,man_confirm,manual,aka2026tfmluz,aka2026tfmluz
matched,onsite,2026-09-28 10:33:53.00,2026-09-28 10:33:53.21,0.218,65.81179809570312,65.812,-151.04454040527344,-151.045,0.030699976600340594,6.464189529418945,6.5,0.03581047058105469,1.64107773691513,1.6,0.04107773691512984,29,29.0,scolv:odsimonds,unknown,man_confirm,manual,aka2026tfnbbr,aka2026tfnbbr
matched,onsite,2026-09-28 11:03:45.00,2026-09-28 11:03:45.27,0.276,54.5023193359375,54.502,-162.6900634765625,-162.69,0.03574428892813153,67.38375854492188,67.4,0.016241455078130684,2.9858598221558514,3.0,0.01414017784414856,56,56.0,scolv:odsimonds,unknown,man_confirm,manual,aka2026tfoaya,aka2026tfoaya
matched,onsite,2026-09-28 11:13:35.00,2026-09-28 11:13:35.79,0.798,51.44214630126953,51.442,-174.9080810546875,-174.908,0.017210631852125825,6.824917793273926,6.8,0.02491779327392596,3.336817024519147,3.3,0.03681702451914726,47,47.0,scolv:odsimonds,unknown,man_confirm,manual,aka2026tfojkt,aka2026tfojkt
matched,onsite,2026-09-28 11:32:26.00,2026-09-28 11:32:26.88,0.885,59.84775161743164,59.848,-153.2340850830078,-153.234,0.02802472862350173,125.09111785888672,125.1,0.008882141113275566,1.8948902556072134,1.9,0.005109744392786553,37,37.0,scolv:odsimonds,unknown,man_confirm,manual,aka2026tfozvs,aka2026tfozvs
matched,onsite,2026-09-28 11:43:28.00,2026-09-28 11:43:28.51,0.516,60.11914825439453,60.119,-151.42962646484375,-151.43,0.0264566058095159,58.40072250366211,58.4,0.0007225036621107961,1.7457600586126967,1.7,0.04576005861269672,51,51.0,scolv:odsimonds,unknown,man_confirm,manual,aka2026tfpjjy,aka2026tfpjjy
matched,onsite,2026-09-28 11:46:28.00,2026-09-28 11:46:28.61,0.611,62.95240020751953,62.952,-148.09310913085938,-148.093,0.044841861211913456,52.12347793579102,52.1,0.02347793579102131,3.8849903799493863,3.9,0.01500962005061357,286,286.0,scolv:afozkos,unknown,man_confirm,manual,aka2026tfplzt,aka2026tfplzt
matched,onsite,2026-09-28 11:50:27.00,2026-09-28 11:50:27.39,0.396,61.21282577514648,61.213,-150.22842407226562,-150.228,0.029848725945968862,21.661556243896484,21.7,0.038443756103514914,1.626055766736293,1.6,0.02605576673629284,46,46.0,scolv:odsimonds,unknown,man_confirm,manual,aka2026tfpplp,aka2026tfpplp
matched,onsite,2026-09-28 11:56:57.00,2026-09-28 11:56:57.37,0.37,58.25410079956055,58.254,-155.1553192138672,-155.155,0.02178104895926478,3.245476722717285,3.2,0.04547672271728498,2.009292429839819,2.0,0.00929242983981915,43,43.0,scolv:odsimonds,unknown,man_confirm,manual,aka2026tfpvcg,aka2026tfpvcg
matched,onsite,2026-09-28 11:58:45.00,2026-09-28 11:58:45.89,0.894,58.24637985229492,58.246,-155.16627502441406,-155.166,0.04519996915584927,2.721315383911133,2.7,0.021315383911132635,1.3912088901701005,1.4,0.00879110982989939,24,24.0,scolv:odsimonds,unknown,man_confirm,manual,aka2026tfpwrc,aka2026tfpwrc
matched,onsite,2026-09-28 12:35:22.00,2026-09-28 12:35:22.18,0.189,50.96496963500977,50.965,179.52085876464844,179.521,0.01045115143723367,16.688005447387695,16.7,0.011994552612303977,2.634005429578125,2.6,0.03400542957812469,21,21.0,scolv:odsimonds,unknown,man_confirm,manual,aka2026tfrckv,aka2026tfrckv
matched,onsite,2026-09-28 12:45:24.00,2026-09-28 12:45:24.30,0.3,54.09008026123047,54.09,-165.99647521972656,-165.996,0.0322519280977449,16.54960060119629,16.5,0.04960060119628906,1.213442507458263,1.2,0.013442507458263142,9,9.0,scolv:odsimonds,unknown,man_confirm,manual,aka2026tfrldd,aka2026tfrldd
matched,onsite,2026-09-28 12:55:45.00,2026-09-28 12:55:45.73,0.736,60.03361511230469,60.034,-152.72544860839844,-152.725,0.049522094427664955,99.98532104492188,100.0,0.014678955078125,1.026331021399483,1.0,0.026331021399482957,40,40.0,scolv:odsimonds,unknown,man_confirm,manual,aka2026tfruca,aka2026tfruca
matched,onsite,2026-09-28 12:59:48.00,2026-09-28 12:59:48.25,0.251,57.92389678955078,57.924,-155.71205139160156,-155.712,0.011870915287062406,15.649029731750488,15.6,0.049029731750488637,1.3113989995064554,1.3,0.011398999506455398,30,30.0,scolv:odsimonds,unknown,man_confirm,manual,aka2026tfrxpf,aka2026tfrxpf
matched,onsite,2026-09-28 13:15:28.00,2026-09-28 13:15:28.12,0.123,63.75781631469727,63.758,-148.77540588378906,-148.775,0.028555432362510055,109.47566223144531,109.5,0.0243377685546875,3.046126531550848,3.0,0.046126531550847893,189,189.0,scolv:odsimonds,unknown,man_confirm,manual,aka2026tfsled,aka2026tfsled
matched,onsite,2026-09-28 13:38:09.00,2026-09-28 13:38:09.93,0.933,51.33003234863281,51.33,-178.25384521484375,-178.254,0.01133982320648375,29.07242965698242,29.1,0.0275703430175831,2.177638064428153,2.2,0.02236193557184718,33,33.0,scolv:odsimonds,unknown,man_confirm,manual,aka2026tftevs,aka2026tftevs
matched,onsite,2026-09-28 13:55:21.00,2026-09-28 13:55:21.84,0.844,59.80849838256836,59.808,-151.40455627441406,-151.405,0.060718950323940944,56.75827407836914,56.8,0.04172592163085653,1.891826898153344,1.9,0.008173101846655983,49,49.0,scolv:odsimonds,unknown,man_confirm,manual,aka2026tftttk,aka2026tftttk
matched,onsite,2026-09-28 14:14:51.00,2026-09-28 14:14:51.75,0.751,51.8602409362793,51.86,-176.07061767578125,-176.071,0.037511041366703884,101.01058959960938,101.0,0.010589599609375,1.2907060110195183,1.3,0.009293988980481727,12,12.0,scolv:odsimonds,unknown,man_confirm,manual,aka2026tfukyq,aka2026tfukyq
matched,onsite,2026-09-28 14:16:29.00,2026-09-28 14:16:29.95,0.958,62.91867065429688,62.919,-148.12696838378906,-148.127,0.0366565271249173,49.23238754272461,49.2,0.03238754272460653,1.8939483896621996,1.9,0.006051610337800328,43,43.0,scolv:odsimonds,unknown,man_confirm,manual,aka2026tfumbw,aka2026tfumbw
matched,onsite,2026-09-28 14:24:47.00,2026-09-28 14:24:47.90,0.904,65.01289367675781,65.013,-147.85357666015625,-147.854,0.023133573268692358,25.90080261230469,25.9,0.0008026123046924738,1.0184190257882044,1.0,0.018419025788204424,26,26.0,scolv:odsimonds,unknown,man_confirm,manual,aka2026tfuskf,aka2026tfuskf
matched,onsite,2026-09-28 14:26:33.00,2026-09-28 14:26:33.48,0.482,56.91733169555664,56.917,-154.99508666992188,-154.995,0.03725612036148179,7.027291297912598,7.0,0.027291297912597656,2.0557623889884185,2.1,0.044237611011581635,24,24.0,scolv:odsimonds,unknown,man_confirm,manual,aka2026tfuuvy,aka2026tfuuvy
matched,onsite,2026-09-28 14:28:19.00,2026-09-28 14:28:19.43,0.432,59.61932754516602,59.619,-151.0730438232422,-151.073,0.03650464443664788,45.87672805786133,45.9,0.023271942138670454,1.7416372471554722,1.7,0.041637247155472235,29,29.0,scolv:odsimonds,unknown,man_confirm,manual,aka2026tfuwjf,aka2026tfuwjf
matched,onsite,2026-09-28 14:30:00.00,2026-09-28 14:30:00.07,0.072,52.53451919555664,52.535,-169.34703063964844,-169.347,0.05350316596983338,16.330642700195312,16.3,0.03064270019531179,2.532756393449241,2.5,0.032756393449241195,21,21.0,scolv:odsimonds,unknown,man_confirm,manual,aka2026tfuxum,aka2026tfuxum
matched,onsite,2026-09-28 14:55:55.00,2026-09-28 14:55:55.26,0.26,63.49218368530273,63.492,-151.61976623535156,-151.62,0.02348975523133164,5.0,5.0,0.0,4.200192485708379,4.2,0.00019248570837859802,235,235.0,scolv:afozkos,unknown,man_confirm,manual,aka2026tfvugv,aka2026tfvugv
matched,onsite,2026-09-28 15:04:51.00,2026-09-28 15:04:51.50,0.504,63.49824523925781,63.498,-151.5844268798828,-151.584,0.03452901961321988,0.7049307227134705,0.7,0.004930722713470503,2.2301533180316735,2.2,0.030153318031673315,57,57.0,scolv:odsimonds,unknown,man_confirm,manual,aka2026tfwcav,aka2026tfwcav
matched,onsite,2026-09-28 15:19:34.00,2026-09-28 15:19:34.84,0.845,62.99381637573242,62.994,-151.0361785888672,-151.036,0.02232061949011977,123.41558837890625,123.4,0.015588378906244316,2.1050061343060884,2.1,0.005006134306088317,79,79.0,scolv:odsimonds,unknown,man_confirm,manual,aka2026tfwoxo,aka2026tfwoxo
matched,onsite,2026-09-28 15:56:11.00,2026-09-28 15:56:11.66,0.664,61.19149398803711,61.191,-149.53599548339844,-149.536,0.05492949670116056,33.55087661743164,33.6,0.049123382568360796,1.7742214589129828,1.8,0.02577854108701727,57,57.0,scolv:odsimonds,unknown,man_confirm,manual,aka2026tfxuni,aka2026tfxuni
matched,onsite,2026-09-28 16:24:39.00,2026-09-28 16:24:39.38,0.388,58.43134307861328,58.431,-153.86903381347656,-153.869,0.03819934969276806,82.78597259521484,82.8,0.014027404785153408,1.9720219146796825,2.0,0.027978085320317536,54,54.0,scolv:odsimonds,unknown,man_confirm,manual,aka2026tfytfk,aka2026tfytfk
matched,onsite,2026-09-28 16:39:02.00,2026-09-28 16:39:02.98,0.987,61.59920501708984,61.599,-151.31494140625,-151.315,0.023006526265961984,11.23500919342041,11.2,0.03500919342041087,1.776885668436567,1.8,0.02311433156343301,44,44.0,scolv:odsimonds,unknown,man_confirm,manual,aka2026tfzfrs,aka2026tfzfrs
matched,onsite,2026-09-28 16:44:00.00,2026-09-28 16:44:00.40,0.406,59.67388153076172,59.674,-152.56507873535156,-152.565,0.013895107011787363,86.55184173583984,86.6,0.048158264160150566,3.6225770299134727,3.6,0.022577029913472657,307,307.0,scolv:afozkos,unknown,man_confirm,manual,aka2026tfzjzc,aka2026tfzjzc
matched,onsite,2026-09-28 16:59:27.00,2026-09-28 16:59:27.73,0.73,51.09926986694336,51.099,179.3446044921875,179.345,0.04078221528233024,29.74638366699219,29.7,0.04638366699219176,2.4826443046199036,2.5,0.017355695380096403,13,13.0,scolv:odsimonds,unknown,man_confirm,manual,aka2026tfzxlg,aka2026tfzxlg
matched,onsite,2026-09-28 17:19:36.00,2026-09-28 17:19:35.64,0.358,52.37807083129883,52.3736,-174.6189422607422,-174.6107,0.7484552851075877,212.10179138183594,213.76,1.6582086181640534,2.235090321323424,2.9,0.664909678676576,22,26.0,scolv:odsimonds,unknown,man_confirm,manual,aka2026tgaoxh,us6000tyi0
matched,onsite,2026-09-28 17:34:30.00,2026-09-28 17:34:30.46,0.461,53.43373107910156,53.434,-167.37945556640625,-167.379,0.04248438945748233,11.433053970336914,11.4,0.03305397033691371,2.183114528259259,2.2,0.016885471740741398,32,32.0,scolv:odsimonds,unknown,man_confirm,manual,aka2026tgbbtz,aka2026tgbbtz
matched,onsite,2026-09-28 17:35:06.00,2026-09-28 17:35:06.45,0.456,62.8221206665039,62.822,-150.09214782714844,-150.092,0.015375275590873023,71.0375747680664,71.0,0.03757476806640625,2.8099163788378396,2.8,0.009916378837839801,154,154.0,scolv:odsimonds,unknown,man_confirm,manual,aka2026tgbcma,aka2026tgbcma
matched,onsite,2026-09-28 17:55:53.00,2026-09-28 17:55:53.28,0.281,60.16829681396484,60.168,-151.72853088378906,-151.729,0.041983656251196766,71.41107940673828,71.4,0.011079406738275566,2.6651102436240954,2.7,0.034889756375904746,152,152.0,scolv:odsimonds,unknown,man_confirm,manual,aka2026tgbuia,aka2026tgbuia
matched,onsite,2026-09-28 17:56:09.00,2026-09-28 17:56:09.26,0.265,51.35259246826172,51.353,-173.8060760498047,-173.806,0.045622165964333015,40.0,40.0,0.0,2.6429537359712785,2.6,0.042953735971278384,24,24.0,scolv:odsimonds,unknown,man_confirm,manual,aka2026tgbunv,aka2026tgbunv
matched,onsite,2026-09-28 18:20:48.00,2026-09-28 18:20:48.17,0.176,59.7315673828125,59.732,-150.7533416748047,-150.753,0.05177644655768886,39.81686782836914,39.8,0.016867828369143467,1.9855045689998474,2.0,0.014495431000152603,47,47.0,scolv:odsimonds,unknown,man_confirm,manual,aka2026tgcpxx,aka2026tgcpxx
matched,onsite,2026-09-28 18:23:11.00,2026-09-28 18:23:11.39,0.391,60.09136199951172,60.091,-150.9462890625,-150.946,0.0433257838390436,50.96778869628906,51.0,0.0322113037109375,2.2461413746740955,2.2,0.04614137467409529,90,90.0,scolv:odsimonds,unknown,man_confirm,manual,aka2026tgcrze,aka2026tgcrze
matched,onsite,2026-09-28 18:23:20.00,2026-09-28 18:23:20.27,0.27,51.27587890625,51.276,-176.8990936279297,-176.899,0.014957367423282566,27.890865325927734,27.9,0.009134674072264204,2.361433463080709,2.4,0.03856653691929113,39,39.0,scolv:odsimonds,unknown,man_confirm,manual,aka2026tgcsco,aka2026tgcsco
matched,onsite,2026-09-28 18:26:44.00,2026-09-28 18:26:44.03,0.032,60.45807647705078,60.458,-139.64260864257812,-139.643,0.023080238839154648,1.8371081352233887,1.8,0.03710813522338863,2.0340516666025668,2.0,0.034051666602566755,23,23.0,scolv:odsimonds,unknown,man_confirm,manual,aka2026tgcvce,aka2026tgcvce
matched,onsite,2026-09-28 18:40:08.00,2026-09-28 18:40:08.95,0.95,58.82767105102539,58.828,-152.61386108398438,-152.614,0.037441114579356394,62.28131103515625,62.3,0.018688964843747158,1.8141956538446298,1.8,0.01419565384462973,35,35.0,scolv:odsimonds,unknown,man_confirm,manual,aka2026tgdgrz,aka2026tgdgrz
matched,onsite,2026-09-28 18:44:19.00,2026-09-28 18:44:19.59,0.596,64.72953033447266,64.73,-148.53257751464844,-148.533,0.05594257172790748,8.449953079223633,8.4,0.04995307922363246,1.3847367620383475,1.4,0.01526323796165241,36,36.0,scolv:odsimonds,unknown,man_confirm,manual,aka2026tgdkia,aka2026tgdkia
matched,onsite,2026-09-28 19:10:40.00,2026-09-28 19:10:40.69,0.696,51.50308227539062,51.503,-175.57723999023438,-175.577,0.01896382267001166,38.511810302734375,38.5,0.011810302734375,2.9269428462386045,2.9,0.026942846238604545,56,56.0,scolv:odsimonds,unknown,man_confirm,manual,aka2026tgehdh,aka2026tgehdh
matched,onsite,2026-09-28 19:17:03.00,2026-09-28 19:17:03.21,0.214,51.23220062255859,51.232,-177.02513122558594,-177.025,0.024106788005050072,27.598995208740234,27.6,0.001004791259767046,2.189391116853831,2.2,0.010608883146169035,27,27.0,scolv:odsimonds,unknown,man_confirm,manual,aka2026tgemqe,aka2026tgemqe
matched,onsite,2026-09-28 19:30:08.00,2026-09-28 19:30:08.31,0.318,60.18017196655273,60.18,-141.76181030273438,-141.762,0.02180979727061191,6.553512096405029,6.6,0.04648790359497035,1.6597090661942735,1.7,0.04029093380572646,16,16.0,scolv:odsimonds,unknown,man_confirm,manual,aka2026tgexwd,aka2026tgexwd
matched,onsite,2026-09-28 19:34:54.00,2026-09-28 19:34:54.64,0.648,59.05064392089844,59.051,-152.80906677246094,-152.809,0.03977788237851162,77.39522552490234,77.4,0.004774475097661934,1.8387679117483897,1.8,0.03876791174838967,51,51.0,scolv:odsimonds,unknown,man_confirm,manual,aka2026tgfces,aka2026tgfces
matched,onsite,2026-09-28 19:41:33.00,2026-09-28 19:41:33.71,0.714,58.2781753540039,58.278,-154.97802734375,-154.978,0.019563903594591252,5.0,5.0,0.0,0.9464572051278858,0.9,0.04645720512788576,19,19.0,scolv:odsimonds,unknown,man_confirm,manual,aka2026tgfhyd,aka2026tgfhyd
matched,onsite,2026-09-28 19:48:09.00,2026-09-28 19:48:09.79,0.792,51.443115234375,51.443,-175.9364013671875,-175.936,0.03062678308872753,37.34500503540039,37.3,0.04500503540039347,2.14558244986643,2.1,0.0455824498664299,18,18.0,scolv:odsimonds,unknown,man_confirm,manual,aka2026tgfnqy,aka2026tgfnqy
matched,onsite,2026-09-28 19:59:16.00,2026-09-28 19:59:16.50,0.506,60.71737289428711,60.717,-149.59214782714844,-149.592,0.042236249597358104,25.615814208984375,25.6,0.01581420898437358,2.1224120424314545,2.1,0.02241204243145445,84,84.0,scolv:odsimonds,unknown,man_confirm,manual,aka2026tgfxhm,aka2026tgfxhm
matched,onsite,2026-09-28 20:10:26.00,2026-09-28 20:10:26.44,0.445,60.61104202270508,60.611,-152.39913940429688,-152.399,0.008927460913955862,88.80047607421875,88.8,0.00047607421875284217,1.2799445344334162,1.3,0.020055465566583885,14,14.0,scolv:odsimonds,unknown,man_confirm,manual,aka2026tgggzm,aka2026tgggzm
matched,onsite,2026-09-28 20:13:49.00,2026-09-28 20:13:51.23,2.238,53.82409286499023,53.9119,-163.98760986328125,-164.0477,10.52864953714735,19.949026107788086,35.0,15.050973892211914,2.982202044513224,3.0,0.017797955486776207,58,40.0,scolv:odsimonds,unknown,man_confirm,manual,aka2026tggjvu,us6000tyib
matched,onsite,2026-09-28 20:23:20.00,2026-09-28 20:23:20.97,0.978,51.65079116821289,51.651,-176.20431518554688,-176.204,0.03181290083197652,61.7717056274414,61.8,0.028294372558598013,1.7743554392791887,1.8,0.025644560720811338,22,22.0,scolv:odsimonds,unknown,man_confirm,manual,aka2026tggsec,aka2026tggsec
matched,onsite,2026-09-28 20:30:41.00,2026-09-28 20:30:41.99,0.992,62.75254440307617,62.753,-143.82073974609375,-143.821,0.05236393569171626,5.071508407592773,5.1,0.028491592407226207,1.8173716808137075,1.8,0.017371680813707435,35,35.0,scolv:odsimonds,unknown,man_confirm,manual,aka2026tggynw,aka2026tggynw
matched,onsite,2026-09-28 20:37:42.00,2026-09-28 20:37:42.39,0.392,61.8719253540039,61.872,-147.5111541748047,-147.511,0.011585151466802938,32.19013214111328,32.2,0.009867858886721592,1.8919860310391492,1.9,0.008013968960850715,43,43.0,scolv:odsimonds,unknown,man_confirm,manual,aka2026tghepd,aka2026tghepd
matched,onsite,2026-09-28 20:54:47.00,2026-09-28 20:54:47.99,0.996,60.46187973022461,60.462,-152.53746032714844,-152.537,0.028559459824552647,96.15694427490234,96.2,0.04305572509765909,1.4988927526619076,1.5,0.0011072473380924208,47,47.0,scolv:odsimonds,unknown,man_confirm,manual,aka2026tghtlh,aka2026tghtlh
matched,onsite,2026-09-28 21:06:53.00,2026-09-28 21:06:53.44,0.448,57.65911865234375,57.659,-155.03634643554688,-155.036,0.024469147277516687,84.52595520019531,84.5,0.0259552001953125,1.6290505108445639,1.6,0.02905051084456378,26,26.0,scolv:odsimonds,unknown,man_confirm,manual,aka2026tgidxu,aka2026tgidxu
matched,onsite,2026-09-28 21:08:10.00,2026-09-28 21:08:10.34,0.345,60.3983268737793,60.398,-150.91893005371094,-150.919,0.036549192793648634,47.83989715576172,47.8,0.03989715576172159,1.830406864844602,1.8,0.030406864844601866,65,65.0,scolv:odsimonds,unknown,man_confirm,manual,aka2026tgiezl,aka2026tgiezl
matched,onsite,2026-09-28 21:10:36.00,2026-09-28 21:10:36.44,0.444,57.88517379760742,57.885,-156.1567840576172,-156.157,0.023160714973921467,119.81873321533203,119.8,0.018733215332034092,1.6811109564774067,1.7,0.01888904352259324,36,36.0,scolv:odsimonds,unknown,man_confirm,manual,aka2026tgihdd,aka2026tgihdd
matched,onsite,2026-09-28 21:13:08.00,2026-09-28 21:13:08.96,0.964,60.50735473632812,60.507,-150.41497802734375,-150.415,0.03946321573981362,50.26039886474609,50.3,0.03960113525391051,1.7790565035518613,1.8,0.020943496448138754,55,55.0,scolv:odsimonds,unknown,man_confirm,manual,aka2026tgijiv,aka2026tgijiv
matched,onsite,2026-09-28 21:14:17.00,2026-09-28 21:14:17.58,0.581,58.15614318847656,58.156,-155.4114532470703,-155.411,0.030993115334107497,5.939445972442627,5.9,0.0394459724426266,0.6505569358349441,0.7,0.04944306416505584,12,12.0,scolv:odsimonds,unknown,man_confirm,manual,aka2026tgikit,aka2026tgikit
matched,onsite,2026-09-28 21:22:37.00,2026-09-28 21:22:37.09,0.091,61.3457260131836,61.346,-150.63507080078125,-150.635,0.030698945878534608,57.08786392211914,57.1,0.012136077880860796,2.6907300105697325,2.7,0.009269989430267689,136,136.0,scolv:odsimonds,unknown,man_confirm,manual,aka2026tgirii,aka2026tgirii
matched,onsite,2026-09-28 21:54:16.00,2026-09-28 21:54:16.35,0.352,64.75704956054688,64.757,-147.41531372070312,-147.415,0.015864539926141872,4.226407051086426,4.2,0.026407051086425604,1.3438342968071335,1.3,0.043834296807133466,34,34.0,scolv:odsimonds,unknown,man_confirm,manual,aka2026tgjszx,aka2026tgjszx
matched,onsite,2026-09-28 22:09:31.00,2026-09-28 22:09:31.12,0.127,61.87069320678711,61.871,-147.83338928222656,-147.833,0.03975211600253303,38.48796463012695,38.5,0.012035369873046875,1.64860799443578,1.6,0.04860799443578001,31,31.0,scolv:odsimonds,unknown,man_confirm,manual,aka2026tgkgfi,aka2026tgkgfi
matched,onsite,2026-09-28 22:17:19.00,2026-09-28 22:17:19.16,0.164,53.94973373413086,53.95,-166.59478759765625,-166.595,0.032707535704734704,14.738027572631836,14.7,0.03802757263183665,2.084835059700333,2.1,0.015164940299666974,36,36.0,scolv:odsimonds,unknown,man_confirm,manual,aka2026tgkmzr,aka2026tgkmzr
matched,onsite,2026-09-28 22:25:39.00,2026-09-28 22:25:39.10,0.107,64.56706237792969,64.567,-152.1380157470703,-152.138,0.006976752530016609,3.2246384620666504,3.2,0.024638462066650213,1.551853176248854,1.6,0.048146823751145984,25,25.0,scolv:odsimonds,unknown,man_confirm,manual,aka2026tgkufi,aka2026tgkufi
matched,onsite,2026-09-28 22:29:31.00,2026-09-28 22:29:31.10,0.108,51.39760589599609,51.3963,178.75018310546875,178.7348,1.077065033063169,40.32669448852539,35.0,5.326694488525391,3.137659194998375,3.0,0.13765919499837498,51,52.0,scolv:odsimonds,unknown,man_confirm,manual,aka2026tgkxkv,us6000tyhm
matched,onsite,2026-09-28 22:39:34.00,2026-09-28 22:39:34.66,0.665,51.88584136962891,51.886,-175.65953063964844,-175.66,0.0367265550412998,79.6014404296875,79.6,0.0014404296875056843,2.047409633084123,2.0,0.04740963308412294,22,22.0,scolv:odsimonds,unknown,man_confirm,manual,aka2026tglgia,aka2026tglgia
matched,onsite,2026-09-28 22:47:18.00,2026-09-28 22:47:18.46,0.461,60.78416442871094,60.784,-151.98431396484375,-151.984,0.02499325038277877,92.94071197509766,92.9,0.040711975097650566,1.356940314500325,1.4,0.04305968549967498,15,15.0,scolv:odsimonds,unknown,man_confirm,manual,aka2026tglmyh,aka2026tglmyh
matched,onsite,2026-09-28 22:53:10.00,2026-09-28 22:53:10.78,0.787,52.26486968994141,52.265,-169.27305603027344,-169.273,0.014983116967490712,20.50482940673828,20.5,0.00482940673828125,2.5140929745689347,2.5,0.014092974568934657,15,15.0,scolv:odsimonds,unknown,man_confirm,manual,aka2026tglryr,aka2026tglryr
matched,onsite,2026-09-28 23:11:34.00,2026-09-28 23:11:34.84,0.849,64.96914672851562,64.969,-147.45077514648438,-147.451,0.019444918991800005,1.7266653776168823,1.7,0.02666537761688237,1.2309146106614972,1.2,0.030914610661497255,23,23.0,scolv:odsimonds,unknown,man_confirm,manual,aka2026tgmiar,aka2026tgmiar
matched,onsite,2026-09-28 23:14:52.00,2026-09-28 23:14:52.11,0.114,52.32350158691406,52.2891,178.389892578125,178.3674,4.119633786273602,156.2740020751953,155.908,0.36600207519532546,2.225223201123324,2.9,0.674776798876676,18,23.0,scolv:odsimonds,unknown,man_confirm,manual,aka2026tgmkxv,us6000tyht
matched,onsite,2026-09-28 23:31:27.00,2026-09-28 23:31:27.52,0.521,53.94384002685547,53.944,-166.59249877929688,-166.592,0.03717549441904081,14.605324745178223,14.6,0.0053247451782230115,2.0412460220223467,2.0,0.04124602202234673,31,31.0,scolv:odsimonds,unknown,man_confirm,manual,aka2026tgmzgs,aka2026tgmzgs
matched,onsite,2026-09-28 23:35:36.00,2026-09-28 23:35:36.97,0.973,57.69369888305664,57.694,-155.71116638183594,-155.711,0.034912102634008964,17.049551010131836,17.0,0.04955101013183594,1.606970318166083,1.6,0.006970318166082956,33,33.0,scolv:odsimonds,unknown,man_confirm,manual,aka2026tgncwg,aka2026tgncwg
matched,onsite,2026-09-28 23:41:38.00,2026-09-28 23:41:38.65,0.65,62.07206726074219,62.072,-149.89358520507812,-149.894,0.02286031500610933,45.25789260864258,45.3,0.04210739135741903,1.695823479181389,1.7,0.004176520818610863,60,60.0,scolv:odsimonds,unknown,man_confirm,manual,aka2026tgnich,aka2026tgnich
test_only,usgs,,2026-09-28 20:45:47.27,,,60.071,,-153.038,,,3.7,,,0.6,,,6.0,,unknown,,automatic,,aka2026tghlqb
test_only,usgs,,2026-09-28 10:07:58.99,,,58.237,,-155.171,,,5.0,,,0.7,,,11.0,,unknown,,automatic,,aka2026tfmepo
test_only,usgs,,2026-09-28 10:04:17.12,,,58.242,,-155.205,,,5.0,,,0.6,,,7.0,,unknown,,automatic,,aka2026tfmbkh
